cluster,n_samples,proportion,mar_mean,mar_std,high_mar_pct,top_species,top_regions,avg_ampicillin,avg_amoxicillin/clavulanic_acid,avg_ceftaroline,avg_cefalexin,avg_cefalotin
0,329,0.6254752851711026,0.047181762917933134,0.044192077653924015,0.0,"escherichia_coli(55.9%), klebsiella_pneumoniae_ssp_pneumoniae(37.7%), vibrio_fluvialis(2.1%)","barmm(58.7%), region_viii_eastern_visayas(27.1%), region_iii_central_luzon(14.3%)",1.1580547112462005,0.0182370820668693,0.0,0.1398176291793313,0.06990881458966565
1,17,0.03231939163498099,0.35076470588235287,0.02154785201523782,100.0,pseudomonas_aeruginosa(100.0%),"barmm(76.5%), region_viii_eastern_visayas(23.5%)",2.0,0.0,0.0,0.0,0.0
2,53,0.10076045627376426,0.2404018867924529,0.06986315329756627,24.528301886792452,"escherichia_coli(71.7%), klebsiella_pneumoniae_ssp_pneumoniae(22.6%), enterobacter_aerogenes(3.8%)","region_iii_central_luzon(49.1%), barmm(39.6%), region_viii_eastern_visayas(11.3%)",1.6226415094339623,0.03773584905660377,0.0,0.7924528301886793,0.3584905660377358
3,24,0.045627376425855515,0.19525416666666665,0.029846622111208424,0.0,"salmonella_group(91.7%), salmonella_enterica_spp_diarizonae(8.3%)","region_iii_central_luzon(75.0%), region_viii_eastern_visayas(16.7%), barmm(8.3%)",0.25,0.0,0.0,2.0,1.9166666666666667
4,93,0.17680608365019013,0.1649032258064516,0.037152732509996185,2.1505376344086025,"enterobacter_cloacae_complex(72.0%), enterobacter_aerogenes(20.4%), klebsiella_pneumoniae_ssp_pneumoniae(4.3%)","region_iii_central_luzon(53.8%), barmm(40.9%), region_viii_eastern_visayas(5.4%)",2.0,1.924731182795699,0.0,1.956989247311828,1.967741935483871
5,2,0.0038022813688212928,0.6190500000000001,0.1347038418160373,100.0,escherichia_coli(100.0%),"region_iii_central_luzon(50.0%), barmm(50.0%)",2.0,0.5,2.0,2.0,2.0
6,8,0.015209125475285171,0.39961250000000004,0.13636842363349996,87.5,"klebsiella_pneumoniae_ssp_pneumoniae(75.0%), escherichia_coli(25.0%)","barmm(87.5%), region_viii_eastern_visayas(12.5%)",1.875,0.75,0.5,1.75,1.75
